CoIndustry,CoWebsite,Merges
Employment - Recruiting - Staffing,https://www.careerbuilder.com/job/J3Q4R66DWFYCP7VND7G?ipath=CRJR18,https://www.careerbuilder.com/company/ajulia-executive-search/C302D16HKNV9D4PWH0Q
NY - New York,https://www.careerbuilder.com/job/J3S3NH6LDPXT7F2X6FK?ipath=CRJR19,https://www.careerbuilder.com/company/core-group-resources/C2Z6BW6TFN1JG0ZW2SF
Other Great Industries,https://www.careerbuilder.com/job/J3W7KJ67SRXCJTY770S?ipath=CRJR20,https://www.careerbuilder.com/company/cohnreznick-llp/CHM4LV743SMV6WZ94XS
Healthcare - Health Services,https://www.careerbuilder.com/job/J3P7JL6F6Q07488J1BW?ipath=CRJR14,https://www.careerbuilder.com/company/interim-healthcare/CHS3CG6N5TLVCG6QVDS
Healthcare - Health Services,https://www.careerbuilder.com/job/J3V0QY6TPWPKQ6VKB3G?ipath=CRJR7,"https://www.careerbuilder.com/company/dialysis-clinic,-inc.,-(dci)/CHS4RX5YSY4LHYFXTZV"
"MMD Services, Inc",https://www.careerbuilder.com/job/JCL3XW6SZS9PNSJZW92?ipath=CRJR12,"https://www.careerbuilder.com/company/mmd-services,-inc/C2R19K61D7C4SR6P36F"
Private,https://www.careerbuilder.com/job/J3W2V56VVZ8V405PPM5?ipath=CRJR25,https://www.careerbuilder.com/company/homejobstaffing/CDD2RY5Z1BD9187CZZ6
Retail,https://www.careerbuilder.com/job/J3R2DL6TSQB5Z8VNH4H?ipath=CRJR6,"https://www.careerbuilder.com/company/family-dollar-stores,-inc./C8J5MG6TG45JXM1SV4P"
Consumer Products,https://www.careerbuilder.com/job/J3T1SF781JBDZSQWKJX?ipath=CRJR3,https://www.careerbuilder.com/company/driveline-retail/CHR7386PZ4M2748QZJF
Accounting - Finance,https://www.careerbuilder.com/job/J3S7Y75X816WRF47VGL?ipath=CRJR4,https://www.careerbuilder.com/company/wells-fargo/CHS1S76HX9VQ7264M61
Public,https://www.careerbuilder.com/job/J3V03V6B5GGKB5SFG6M?ipath=CRJR5,https://www.careerbuilder.com/company/schneider/CHP5Z96W1C6WDSW40JY
Employment - Recruiting - Staffing,https://www.careerbuilder.com/job/J2W4HT6MD815ZY4GJYR?ipath=CRJR45,https://www.careerbuilder.com/company/smartsource-inc/CDD224697X67FH8Y3VS
Employment - Recruiting - Staffing,https://www.careerbuilder.com/job/J3179F6GD6FP47RZ54G?ipath=CRJR40,https://www.careerbuilder.com/company/international-search-consultants/CHS2ZJ7031Y9KD3C0SG
Pan Asia Group,https://www.careerbuilder.com/job/J2R3RQ6HYPQ8N41393N?ipath=CRJR51,https://www.careerbuilder.com/company/pan-asia-group/CDF36M7910KS71FX2C3
Healthcare - Health Services,https://www.careerbuilder.com/job/J3S7H06TNX9B26BKNSK?ipath=CRJR64,https://www.careerbuilder.com/company/mental-health-center-of-denver/CHM7P55XS9QXTPXPCHS
Employment - Recruiting - Staffing,https://www.careerbuilder.com/job/J310RW6F6KFPP1DKV7J?ipath=CRJR65,"https://www.careerbuilder.com/company/software-galaxy-systems,-llc/CHS85T5W2H15T3V62FB"
"Integrated Merchant Alliance, Corp",https://www.careerbuilder.com/job/JCL15H5XP9Z3YVWZM6Y?ipath=CRJR71,"https://www.careerbuilder.com/company/integrated-merchant-alliance,-corp/C2P5GQ6TSPYF72HQ8CZ"
Employment - Recruiting - Staffing,https://www.careerbuilder.com/job/J3S5PT76S3QFH0RNPP9?ipath=CRJR60,https://www.careerbuilder.com/company/vaco-technology/C8D27G6395WTV77DM20
Hospitality,https://www.careerbuilder.com/job/JDH7PM5Y8JTB5QM3WFV?ipath=CRJR100,https://www.careerbuilder.com/company/managed-care-staffers/CHS4WC6T623MTTS78V9
Military,https://www.careerbuilder.com/job/J2W0QG6X0TRM9QJG0R9?ipath=CRJR61,https://www.careerbuilder.com/company/deployed-resources/C2Y7KJ74000CJXYD8YW
Public,https://www.careerbuilder.com/job/JCL67C6PG53B6TWZYP0?ipath=CRJR123,https://www.careerbuilder.com/company/anz/CD72G264DB68L61QQ95
"Patriot Talent Solutions, LLC",https://www.careerbuilder.com/job/JD80GX72FV4L39GJLCL?ipath=CRJR118,"https://www.careerbuilder.com/company/patriot-talent-solutions,-llc/CHM3VX691BGJQ2KRLZH"
Employment - Recruiting - Staffing,https://www.careerbuilder.com/job/JCL2BJ6MX6G1Q5ZLTPN?ipath=CRJR122,https://www.careerbuilder.com/company/coworx-staffing-services/C7H05W69R6P5MH5MHVW
Computer Software,https://www.careerbuilder.com/job/JD849C6418FTNS95C3L?ipath=CRJR120,"https://www.careerbuilder.com/company/business-technology-group,-inc/CD94B8626VCZPBR0YYV"
Consulting,https://www.careerbuilder.com/job/JDD7PH76G0D3Y1KJKQ0?ipath=CRJR111,https://www.careerbuilder.com/company/talis-group/CHN4Z861YWJ2GL6PB6Q
Consulting,https://www.careerbuilder.com/job/J3R7RD6DQRN48LC9CDD?ipath=CRJR112,https://www.careerbuilder.com/company/vaco-resources/C8E0JB77DR86BSJY4C2
Employment - Recruiting - Staffing,https://www.careerbuilder.com/job/J2V1C96HKPDY6KRK6H6?ipath=CRJR175,https://www.careerbuilder.com/company/the-csi-companies/CHV6QT797B7C5SZRJH5
Employment - Recruiting - Staffing,https://www.careerbuilder.com/job/J2W42265KSS02R3PL5R?ipath=CRJR168,https://www.careerbuilder.com/company/aptask/CHT25H67888Z0168KX2
Data Inc,https://www.careerbuilder.com/job/J315YB6DS5W2BQCDTJ9?ipath=CRJR174,https://www.careerbuilder.com/company/data-inc/CCM507791DLZBX6SJTH
Other Great Industries,https://www.careerbuilder.com/job/J3S55T6CYW5XJH8Q1FH?ipath=CRJR199,https://www.careerbuilder.com/company/iris-consulting-corporation/CHT7926764WNQ44N7P5
Private,https://www.careerbuilder.com/job/JD777M69BVD76KL87FD?ipath=CRJR197,https://www.careerbuilder.com/company/express-employment-professionals/C7X4F36PXZVCQDRH0M6
Staffing,https://www.careerbuilder.com/job/J307T47112XYD87WBN9?ipath=CRJR194,https://www.careerbuilder.com/company/imprimis-group/CHR68L5WT5MBG8SVRVV
Employment - Recruiting - Staffing,https://www.careerbuilder.com/job/J2V0DR6DVVNZQ59WNC3?ipath=CRJR192,https://www.careerbuilder.com/company/segrera-associates/CDH3RR5XXZPR3FZP2L3
Employment - Recruiting - Staffing,https://www.careerbuilder.com/job/J3Q1D0717RD6LLT3QFZ?ipath=CRJR195,https://www.careerbuilder.com/company/jefferson-frank/CD888N672X35PM4B3L0
Employment - Recruiting - Staffing,https://www.careerbuilder.com/job/J3N5QF6JDMVVP5W2SJQ?ipath=CRJR190,https://www.careerbuilder.com/company/the-jacobson-group/C8E3X16RL170L7L3PYB
Computer Software,https://www.careerbuilder.com/job/J2Z5HR5XJ9NT259GQC2?ipath=CRJR188,https://www.careerbuilder.com/company/hcl/CDH7NK6GB1MGT2PNC8G
Teleperformance,https://www.careerbuilder.com/job/JDH21S71CBWXNC2WQ05?ipath=CRJR187,https://www.careerbuilder.com/company/teleperformance/C8A7286N4S2VRZ2HK4V
Employment - Recruiting - Staffing,https://www.careerbuilder.com/job/JD73BB6Z6PBQRQ5V4JC?ipath=CRJR218,https://www.careerbuilder.com/company/flybridge-staffing/CDF01B677GYCBF0HVRH
Employment - Recruiting - Staffing,https://www.careerbuilder.com/job/J334326H2RFFB321BP3?ipath=CRJR219,https://www.careerbuilder.com/company/talentbridge/CHT5K771X314D2QXS61
Computer Software,https://www.careerbuilder.com/job/JD80686SFSYSC46SRY8?ipath=CRJR250,https://www.careerbuilder.com/company/centizen-corp/CCM6BR797DHHJ50SGCL
Automotive - Motor Vehicles - Parts,https://www.careerbuilder.com/job/J2V3GN5YGR19Q5VRWW9?ipath=CRJR247,https://www.careerbuilder.com/company/sl-corporation/CHL6CB6BF5RTS8YJW1M
Open Systems Technologies,https://www.careerbuilder.com/job/JD90KW73HJ580HCKMZW?ipath=CRJR274,https://www.careerbuilder.com/company/open-systems-technologies/CHQ2HF6H0ZP5MBYPQRF
< 100 employees,https://www.careerbuilder.com/job/J2N2J775FWH5FJVYJRS?ipath=CRJR275,https://www.careerbuilder.com/company/ttf-recruitment/CHQ7PH5W970CF4HN9VQ
NE - Omaha,https://www.careerbuilder.com/job/JDF01W5ZTP998H54TZJ?ipath=CRJR273,https://www.careerbuilder.com/company/modis/C8G35V78QKNB9YM4LH1
"The Computer Merchant, Ltd",https://www.careerbuilder.com/job/J3065N634ST7TZP6QT1?ipath=CRJR266,"https://www.careerbuilder.com/company/the-computer-merchant,-ltd/CHP22B6JQ2TPK9T644Y"
Healthcare - Health Services,https://www.careerbuilder.com/job/JGX2FT60N7LQR5VMSCD?ipath=CRJR265,https://www.careerbuilder.com/company/shriners-hospitals-for-children/C8D33G78FQVXYHWV67X
Employment - Recruiting - Staffing,https://www.careerbuilder.com/job/J3S12Y733G405V47PB9?ipath=CRJR292,https://www.careerbuilder.com/company/mommy-jobs-online/C303J06MH1B5LLZ8NWL
Advance Auto Parts,https://www.careerbuilder.com/job/J3M71Q6R8DBCJHRQBKZ?ipath=CRJR289,https://www.careerbuilder.com/company/advance-auto-parts/C25PT733PD96281SBF
Public,https://www.careerbuilder.com/job/J3P66K6YWKDG99BG9MW?ipath=CRJR324,https://www.careerbuilder.com/company/radian-group-inc/C901TY6PNFSS2RS3RSW
Banking - Financial Services,https://www.careerbuilder.com/job/J3V6T0788J281WFDN3X?ipath=CRJR314,https://www.careerbuilder.com/company/flagstar-bank/CHV7846DYKVVWQ1S03K
Public,https://www.careerbuilder.com/job/J3S2HC775KLY5DFX4V3?ipath=CRJR373,https://www.careerbuilder.com/company/assa-abloy-americas/C8F0JJ65PZHWD2ZZFCM
AL - Birmingham,https://www.careerbuilder.com/job/J3M6WB6MKG93F17DVK6?ipath=CRJR374,"https://www.careerbuilder.com/company/itac-solutions,-llc/CHP2NK6XYNG916TTVC7"
FL - Miami,https://www.careerbuilder.com/job/J3P13667Y8GHTZBWCLR?ipath=CRJR491,https://www.careerbuilder.com/company/goodwill-industries-of-south-florida-inc/C8A1M56TLD6W8XYPX54
Accounting - Finance,https://www.careerbuilder.com/job/J3S34F71BXB9FQKH036?ipath=CRJR459,https://www.careerbuilder.com/company/security-finance/CHN07J6SYDYJGR2LQBT
Internet - ECommerce,https://www.careerbuilder.com/job/J4R3W15X10XFH8VT9Y7?ipath=CRJR525,https://www.careerbuilder.com/company/career-women-online/CHL3X965Z4VD18LVHYS
Private,https://www.careerbuilder.com/job/JD72VJ6CFZ9VHHNGTCN?ipath=CRJR546,https://www.careerbuilder.com/company/orpine-inc/C2S79N6JV7MDBBS902F
Computer Software,https://www.careerbuilder.com/job/J2S85Q6TZSHF11F2C0S?ipath=CRJR552,https://www.careerbuilder.com/company/spectraforce-technologies-inc/CHS5526BX3T9K26KF35
Electronics,https://www.careerbuilder.com/job/J3028B62H90R5FJB3HS?ipath=CRJR473,"https://www.careerbuilder.com/company/mitsubishi-electric-power-products,-inc./CHN6GW6SKJ1B48MB8GM"
Computer Software,https://www.careerbuilder.com/job/J3Q7R06Z6C2CCTHH1PH?ipath=CRJR402,https://www.careerbuilder.com/company/ironbow/CHR04X6KB4N12RZ9ZG4
Insurance,https://www.careerbuilder.com/job/J3T77V6S9747543BPR7?ipath=CRJR351,https://www.careerbuilder.com/company/north-american-risk-services/C8S5XL6DF1QX57VY803
Other Great Industries,https://www.careerbuilder.com/job/J3M16D74L5XQXF6YG7Y?ipath=CRJR305,https://www.careerbuilder.com/company/cbd-biocare/C2N0YG6Q09K0CNNYQY4
"10,000 - 25,000 employees",https://www.careerbuilder.com/job/J3T8G76WZ2TYYSSV7XP?ipath=CRJR279,https://www.careerbuilder.com/company/premium-retail-services/CHM38F6TQKNJ3D9T4YB
Delta Community CU,https://www.careerbuilder.com/job/J2Z6MQ6HX41SDVN1TTY?ipath=CRJR261,https://www.careerbuilder.com/company/delta-community-cu/C8D50H68YPH8SH6G026
FL - Fort Lauderdale,https://www.careerbuilder.com/job/J2W4HQ6B9568YCPZ0BK?ipath=CRJR255,https://www.careerbuilder.com/company/ascendo-resources/C8A0X56CNCVVVG0NY9G
Employment - Recruiting - Staffing,https://www.careerbuilder.com/job/JDH7H96PC7K29BB9XTJ?ipath=CRJR251,https://www.careerbuilder.com/company/stevendouglas/CHS0G66T4844C2Z9R6S
Staffing,https://www.careerbuilder.com/job/J2R4CG67LMKTFQXVLRZ?ipath=CRJR253,"https://www.careerbuilder.com/company/txmq,-inc./CHT5NT6KQ5PC64N501J"
Computer Software,https://www.careerbuilder.com/job/J335XK617CCBTM6HZGH?ipath=CRJR233,"https://www.careerbuilder.com/company/alphanumeric-systems,-inc.----public-sector/C9010972K514WMVMY1C"
DRS TECHNOLOGIES,https://www.careerbuilder.com/job/JCM25C62D9CPSFN6GSQ?ipath=CRJR234,https://www.careerbuilder.com/company/drs-technologies/C901LM6JJPG1TWFTR36
OH - Cleveland,https://www.careerbuilder.com/job/J2W2166MLS40TQ3SSWN?ipath=CRJR216,https://www.careerbuilder.com/company/jw-affinity-it-llc/CDF7BR6FYDXSP4S5NDT
Employment - Recruiting - Staffing,https://www.careerbuilder.com/job/JCL5LW65FQ5MC5XWRTJ?ipath=CRJR211,https://www.careerbuilder.com/company/national-mortgage-staffing/CDD5BY6284Z2ZDDJH1F
Computer Software,https://www.careerbuilder.com/job/JDH4P46HR1DMBXZ4F6V?ipath=CRJR228,https://www.careerbuilder.com/company/indotronix-international-corporation/C8J52G66B4W3RRYZHDS
Employment - Recruiting - Staffing,https://www.careerbuilder.com/job/JCM4T76V2CFJ561RJBQ?ipath=CRJR196,https://www.careerbuilder.com/company/the-recruiting-division/CHN5YV6DHW5WVLT81HN
Employment - Recruiting - Staffing,https://www.careerbuilder.com/job/J2P1WB70790F5LRRMBN?ipath=CRJR213,https://www.careerbuilder.com/company/solomonedwards/CHM6K174GTYZNRZVVRS
Defense - Aerospace,https://www.careerbuilder.com/job/J2V30G6S053RS03PFJT?ipath=CRJR202,https://www.careerbuilder.com/company/mri-technologies/C2V7LS729VP3HKVJSDQ
Private,https://www.careerbuilder.com/job/JCM5XT75FJN0K6J9GXX?ipath=CRJR201,https://www.careerbuilder.com/company/power-personnel/CD706H6KQWG4MJFPCGZ
Private,https://www.careerbuilder.com/job/JDD8BC5YKNH0G1JQS8F?ipath=CRJR181,"https://www.careerbuilder.com/company/ideal-concepts,-inc./CD68DB6ZJKTNT5SL21Z"
Employment - Recruiting - Staffing,https://www.careerbuilder.com/job/J2Z4KQ6K295JNV5T562?ipath=CRJR162,https://www.careerbuilder.com/company/shr-talent/CHV4BR66ST242J2RZML
Private,https://www.careerbuilder.com/job/J3W19775BSTJBGH24Y2?ipath=CRJR176,https://www.careerbuilder.com/company/system-one/C8D2F860YLH1ZLLZZLR
Employment - Recruiting - Staffing,https://www.careerbuilder.com/job/J3R4RQ63RR3K4BVQ1P8?ipath=CRJR179,https://www.careerbuilder.com/company/experis/CHM41N64VXVK9WFFW8P
Employment - Recruiting - Staffing,https://www.careerbuilder.com/job/JD91SH6WMDPNL7TFHBJ?ipath=CRJR158,https://www.careerbuilder.com/company/crescent-solutions/C8S50X70CYP00D1KGL6
Curtiss Wright,https://www.careerbuilder.com/job/JCM6QR79R6W3950LFXV?ipath=CRJR155,https://www.careerbuilder.com/company/curtiss-wright/C7G6ZW6FWZRX88P9T8X
Employment - Recruiting - Staffing,https://www.careerbuilder.com/job/JD81BD630BQDT7JL6LZ?ipath=CRJR133,https://www.careerbuilder.com/company/prestige-staffing/C7X6TD63DX7BGZM1LTB
Private,https://www.careerbuilder.com/job/J3324M6S4MV8RYBYW38?ipath=CRJR134,https://www.careerbuilder.com/company/first-family-life-west-coast/C2W4YT5X42PT3QH21FK
Balance Staffing,https://www.careerbuilder.com/job/JD81G36HL8BZQR64D1W?ipath=CRJR110,https://www.careerbuilder.com/company/balance-staffing/C2R3BP65HR89898RX3L
Computer Software,https://www.careerbuilder.com/job/J312P766G7835MPWXX4?ipath=CRJR67,https://www.careerbuilder.com/company/apptad-inc./CDF6KK6YB3RBQQJH4XY
NJ - Newark,https://www.careerbuilder.com/job/JDD5DM5VY71QXB6D4B5?ipath=CRJR85,https://www.careerbuilder.com/company/modis/CHN63K6G88M8F24D7DD
"Elegant Enterprise-Wide Solutions, Inc",https://www.careerbuilder.com/job/J3Q1BH63R9MD9S1QP51?ipath=CRJR55,"https://www.careerbuilder.com/company/elegant-enterprise--wide-solutions,-inc/C2Y38G5ZNVNK28WY6ZW"
Synergy IS,https://www.careerbuilder.com/job/J2W0HL74HQ5H6SJD2SZ?ipath=CRJR31,https://www.careerbuilder.com/company/synergy-is/C2V65Q5VTMKHL1022BV
Private,https://www.careerbuilder.com/job/J303LK5XGPX2Z37HTDH?ipath=CRJR78,https://www.careerbuilder.com/company/stone-alliance-group/C3024X7204HDK7PF6GW
IA - Dyersville,https://www.careerbuilder.com/job/J3T2K771QH24RCHXXYX?ipath=CRJR32,https://www.careerbuilder.com/company/engineering-services-&amp--products-company/C2P7PM65ZGWSVBPFXWC
